record_id,revision,master_type,entity_code,title_th,title_en,parent_code,is_active
609,1,"POSITION","POS-057","Safety Officer","Safety Officer","","ACTIVE"
608,1,"POSITION","POS-056","DESIGN ENGINEER ASSISTANT MANAGER","DESIGN ENGINEER ASSISTANT MANAGER","","ACTIVE"
607,1,"POSITION","POS-055","Co Project Manager","Co Project Manager","","ACTIVE"
606,1,"POSITION","POS-054","Specialist","Specialist","","ACTIVE"
605,1,"POSITION","POS-053","Executive Management Coordinator","Executive Management Coordinator","","ACTIVE"
604,1,"POSITION","POS-052","President","President","","ACTIVE"
603,1,"POSITION","POS-051","Service Engineer","Service Engineer","","ACTIVE"
602,1,"POSITION","POS-050","Advisor","Advisor","","ACTIVE"
601,1,"POSITION","POS-049","Safety","Safety","","ACTIVE"
600,1,"POSITION","POS-048","Supoort Marketing Staff","Supoort Marketing Staff","","ACTIVE"
599,1,"POSITION","POS-047","Chief of Safety Officer","Chief of Safety Officer","","ACTIVE"
598,1,"POSITION","POS-046","Technical Staff","Technical Staff","","ACTIVE"
597,1,"POSITION","POS-045","Technical Service Chief","Technical Service Chief","","ACTIVE"
596,1,"POSITION","POS-044","Chief of Engineer","Chief of Engineer","","ACTIVE"
595,1,"POSITION","POS-043","Technical Service Engineer","Technical Service Engineer","","ACTIVE"
594,1,"POSITION","POS-042","Senior Manager","Senior Manager","","ACTIVE"
593,1,"POSITION","POS-041","Asst. Section Manager","Asst. Section Manager","","ACTIVE"
592,1,"POSITION","POS-040","Senior Specilaist","Senior Specilaist","","ACTIVE"
591,1,"POSITION","POS-039","Technical Chief","Technical Chief","","ACTIVE"
590,1,"POSITION","POS-038","Deputy General Manager","Deputy General Manager","","ACTIVE"
589,1,"POSITION","POS-037","Accounting Chief","Accounting Chief","","ACTIVE"
588,1,"POSITION","POS-036","Marketing Chief","Marketing Chief","","ACTIVE"
587,1,"POSITION","POS-035","Assistant Section Manager","Assistant Section Manager","","ACTIVE"
586,1,"POSITION","POS-034","Warehouse Support","Warehouse Support","","ACTIVE"
585,1,"POSITION","POS-033","Driver","Driver","","ACTIVE"
584,1,"POSITION","POS-032","General Manager","General Manager","","ACTIVE"
583,1,"POSITION","POS-031","Contract (Apite)","Contract (Apite)","","ACTIVE"
582,1,"POSITION","POS-030","Contract (Japan Support)","Contract (Japan Support)","","ACTIVE"
581,1,"POSITION","POS-029","Trainee","Trainee","","ACTIVE"
580,1,"POSITION","POS-028","IT Staff","IT Staff","","ACTIVE"
579,1,"POSITION","POS-027","General manager","General manager","","ACTIVE"
578,1,"POSITION","POS-026","Accounting Staff","Accounting Staff","","ACTIVE"
577,1,"POSITION","POS-025","Interpreter","Interpreter","","ACTIVE"
576,1,"POSITION","POS-024","Supoort Marketing Chief","Supoort Marketing Chief","","ACTIVE"
575,1,"POSITION","POS-023","Support Marketing Chief","Support Marketing Chief","","ACTIVE"
574,1,"POSITION","POS-022","Warehouse Staff","Warehouse Staff","","ACTIVE"
573,1,"POSITION","POS-021","Messenger","Messenger","","ACTIVE"
572,1,"POSITION","POS-020","Assistant Manager","Assistant Manager","","ACTIVE"
571,1,"POSITION","POS-019","Section Manager","Section Manager","","ACTIVE"
570,1,"POSITION","POS-018","Senior Chief","Senior Chief","","ACTIVE"
569,1,"POSITION","POS-017","Safety Officer& ISO Control","Safety Officer& ISO Control","","ACTIVE"
568,1,"POSITION","POS-016","Manager","Manager","","ACTIVE"
567,1,"POSITION","POS-015","Clerk","Clerk","","ACTIVE"
566,1,"POSITION","POS-014","Chief","Chief","","ACTIVE"
565,1,"POSITION","POS-013","Assistant Chief","Assistant Chief","","ACTIVE"
564,1,"POSITION","POS-012","Vice President","Vice President","","ACTIVE"
563,1,"POSITION","POS-011","Factory Manager","Factory Manager","","ACTIVE"
562,1,"POSITION","POS-010","Design Engineer","Design Engineer","","ACTIVE"
561,1,"POSITION","POS-009","CAM Staff","CAM Staff","","ACTIVE"
560,1,"POSITION","POS-008","Engineering Staff","Engineering Staff","","ACTIVE"
559,1,"POSITION","POS-007","Staff","Staff","","ACTIVE"
558,1,"POSITION","POS-006","Marketing Engineer","Marketing Engineer","","ACTIVE"
557,1,"POSITION","POS-005","Coordinator","Coordinator","","ACTIVE"
556,1,"POSITION","POS-004","Support Marketing Staff","Support Marketing Staff","","ACTIVE"
555,1,"POSITION","POS-003","Technician","Technician","","ACTIVE"
554,1,"POSITION","POS-002","Marketing Staff","Marketing Staff","","ACTIVE"
553,1,"POSITION","POS-001","Operator","Operator","","ACTIVE"
552,4,"DEPARTMENT","TMH3","Accounting & Finance","Accounting & Finance","TMH0","ACTIVE"
551,4,"DEPARTMENT","TMH2","HR & Personnel","HR & Personnel","TMH0","ACTIVE"
550,4,"DEPARTMENT","TMH1","GA","GA","TMH0","ACTIVE"
549,4,"DEPARTMENT","TMG2","Injection","Injection","TMG0","ACTIVE"
548,4,"DEPARTMENT","TMG1","Die Casting","Die Casting","TMG0","ACTIVE"
547,4,"DEPARTMENT","TMS1-SAFE","Safety Team","Safety Team","TMS1","ACTIVE"
546,4,"DEPARTMENT","TMS1-ENGI","Engineering Team","Engineering Team","TMS1","ACTIVE"
545,4,"DEPARTMENT","TMS1-PROJ","Project Team","Project Team","TMS1","ACTIVE"
544,4,"DEPARTMENT","TMS1","Technical Services","Technical Services","TMS0","ACTIVE"
543,4,"DEPARTMENT","TME3-MARK","Marketing (Eco Energy)","Marketing (Eco Energy)","TME3","ACTIVE"
542,4,"DEPARTMENT","TME3","Eco Energy & Textile Machinery","Eco Energy & Textile Machinery","TME1","ACTIVE"
541,4,"DEPARTMENT","TMF3-MARK","Marketing (Sales Engineering)","Marketing (Sales Engineering)","TMF3","ACTIVE"
540,4,"DEPARTMENT","TMF3-SALE","Sales","Sales","TMF3","ACTIVE"
539,4,"DEPARTMENT","TMF3","Sales Engineering","Sales Engineering","TMT0","ACTIVE"
538,4,"DEPARTMENT","TMF2-MARK","Marketing (Industry)","Marketing (Industry)","TMF2","ACTIVE"
537,4,"DEPARTMENT","TMF2","Industry","Industry","TMT0","ACTIVE"
536,4,"DEPARTMENT","TMF1-MARK","Marketing (Automotive)","Marketing (Automotive)","TMF1","ACTIVE"
535,4,"DEPARTMENT","TMF1","Automotive","Automotive","TMT0","ACTIVE"
534,4,"DEPARTMENT","TMT2-LOGI","Logistics","Logistics","TMT2","ACTIVE"
533,4,"DEPARTMENT","TMT2-STN","STN","STN","TMT2","ACTIVE"
532,4,"DEPARTMENT","TMT2-TOOL","Tooling","Tooling","TMT2","ACTIVE"
531,4,"DEPARTMENT","TMT2","Toyota Sales","Toyota Sales","TMT1","ACTIVE"
530,4,"DEPARTMENT","TMT1-TOOL","Tool Part & Project","Tool Part & Project","TMT1-EXP","ACTIVE"
529,4,"DEPARTMENT","TMT1-MACH","Machine & Equipments","Machine & Equipments","TMT1-EXP","ACTIVE"
528,4,"DEPARTMENT","TMT1-EXP","Export","Export","TMT1","ACTIVE"
527,4,"DEPARTMENT","TMG0","Mold & Engineering Department","Mold & Engineering Department","DIV-GS","ACTIVE"
526,4,"DEPARTMENT","TME1","Eco Energy & Textile Machinery Department","Eco Energy & Textile Machinery Department","DIV-ME","ACTIVE"
525,2,"DEPARTMENT","DIV-GS","GIFU SEIKI Division","GIFU SEIKI Division","TTMET","ACTIVE"
524,2,"DEPARTMENT","DIV-ME","Machinery & Engineering Division","Machinery & Engineering Division","TTMET","ACTIVE"
523,2,"DEPARTMENT","TTMET","Toyota Tsusho M&E (Thailand) Co.,Ltd.","Toyota Tsusho M&E (Thailand) Co.,Ltd.","ROOT","ACTIVE"
522,3,"POSITION","LEGACY-POS-271","Mr.Panukorn Sathron","MR.PANUKORN SATHRON","","INACTIVE"
521,3,"POSITION","LEGACY-POS-270","Mr.Anuphong Longnoi","MR.ANUPHONG LONGNOI","","INACTIVE"
520,3,"POSITION","LEGACY-POS-269","Mr.Theeraphat Khiaosaart","MR.THEERAPHAT KHIAOSAART","","INACTIVE"
519,3,"POSITION","LEGACY-POS-268","Mr.Archawa Topuong","MR.ARCHAWA TOPUONG","","INACTIVE"
518,3,"POSITION","LEGACY-POS-267","Mr.Chetsada Rotthuk","MR.CHETSADA ROTTHUK","","INACTIVE"
517,3,"POSITION","LEGACY-POS-266","Ms.Srichanok Saezee","MS.SRICHANOK SAEZEE","","INACTIVE"
516,3,"POSITION","LEGACY-POS-265","Mr.Keizo Nakae","MR.KEIZO NAKAE","","INACTIVE"
515,3,"POSITION","LEGACY-POS-264","Mr.Watchara Khaosam-amg","MR.WATCHARA KHAOSAM-AMG","","INACTIVE"
514,3,"POSITION","LEGACY-POS-263","Ms.Phattharanit  Pankhomkow","MS.PHATTHARANIT PANKHOMKOW","","INACTIVE"
513,3,"POSITION","LEGACY-POS-262","Ms.Supattra Saetiaw","MS.SUPATTRA SAETIAW","","INACTIVE"
512,3,"POSITION","LEGACY-POS-261","Mr.Chaiyuth  Sangputta","MR.CHAIYUTH SANGPUTTA","","INACTIVE"
511,3,"POSITION","LEGACY-POS-260","Ms.Yanisa Laotoom","MS.YANISA LAOTOOM","","INACTIVE"
510,3,"POSITION","LEGACY-POS-259","Ms.Patcharida Pramomgkit","MS.PATCHARIDA PRAMOMGKIT","","INACTIVE"
509,3,"POSITION","LEGACY-POS-258","Mr.Teerapong Maingam","MR.TEERAPONG MAINGAM","","INACTIVE"
508,3,"POSITION","LEGACY-POS-257","Ms.Phitthayaporn Sakulyodmanee","MS.PHITTHAYAPORN SAKULYODMANEE","","INACTIVE"
507,3,"POSITION","LEGACY-POS-256","Mr.Osami Kondo","MR.OSAMI KONDO","","INACTIVE"
506,3,"POSITION","LEGACY-POS-255","Ms.Pannipa  Boonpis","MS.PANNIPA BOONPIS","","INACTIVE"
505,3,"POSITION","LEGACY-POS-254","Ms.Kewalin Seesuksam","MS.KEWALIN SEESUKSAM","","INACTIVE"
504,3,"POSITION","LEGACY-POS-253","Ms.Nattha Malacham","MS.NATTHA MALACHAM","","INACTIVE"
503,3,"POSITION","LEGACY-POS-252","Mr.Tawatchai Thonkamson","MR.TAWATCHAI THONKAMSON","","INACTIVE"
502,3,"POSITION","LEGACY-POS-251","Mr.Kitiphat Chumdee","MR.KITIPHAT CHUMDEE","","INACTIVE"
501,3,"POSITION","LEGACY-POS-250","Mr.Tattana Rungroj","MR.TATTANA RUNGROJ","","INACTIVE"
500,3,"POSITION","LEGACY-POS-249","Mr.Jirayu  Jariyaekkapas","MR.JIRAYU JARIYAEKKAPAS","","INACTIVE"
499,3,"POSITION","LEGACY-POS-248","Mr.Kiadtisak  Ketsirikun","MR.KIADTISAK KETSIRIKUN","","INACTIVE"
498,3,"POSITION","LEGACY-POS-247","Mr.Tanabodee Khotprom","MR.TANABODEE KHOTPROM","","INACTIVE"
497,3,"POSITION","LEGACY-POS-246","Mr.Korathak Yoying","MR.KORATHAK YOYING","","INACTIVE"
496,3,"POSITION","LEGACY-POS-245","Mr.Thanaphat Kaenchai","MR.THANAPHAT KAENCHAI","","INACTIVE"
495,3,"POSITION","LEGACY-POS-244","Ms.Wipharat Janthason","MS.WIPHARAT JANTHASON","","INACTIVE"
494,3,"POSITION","LEGACY-POS-243","Mr.Jetsadaporn Plongkiang","MR.JETSADAPORN PLONGKIANG","","INACTIVE"
493,3,"POSITION","LEGACY-POS-242","Mr.Phithakchai  Pornphan","MR.PHITHAKCHAI PORNPHAN","","INACTIVE"
492,3,"POSITION","LEGACY-POS-241","Mr.Kazuhiro Hanamura","MR.KAZUHIRO HANAMURA","","INACTIVE"
491,3,"POSITION","LEGACY-POS-240","Mr.Takayoshi  Uchida","MR.TAKAYOSHI UCHIDA","","INACTIVE"
490,3,"POSITION","LEGACY-POS-239","Mr.Manoch  Injinda","MR.MANOCH INJINDA","","INACTIVE"
489,3,"POSITION","LEGACY-POS-238","Mr.Prasertsak  Khanjaroen","MR.PRASERTSAK KHANJAROEN","","INACTIVE"
488,3,"POSITION","LEGACY-POS-237","Mrs.Uthumporn  Thongsee","MRS.UTHUMPORN THONGSEE","","INACTIVE"
487,3,"POSITION","LEGACY-POS-236","Mr.Phanuwat  Rachalee","MR.PHANUWAT RACHALEE","","INACTIVE"
486,3,"POSITION","LEGACY-POS-235","Mr.Surawut  Kasasai","MR.SURAWUT KASASAI","","INACTIVE"
485,3,"POSITION","LEGACY-POS-234","Mr.Phadetkarn  Phukamkom","MR.PHADETKARN PHUKAMKOM","","INACTIVE"
484,3,"POSITION","LEGACY-POS-233","Mr.Anurak  Tib-ud","MR.ANURAK TIB-UD","","INACTIVE"
483,3,"POSITION","LEGACY-POS-232","Mr.Anupong  Smantong","MR.ANUPONG SMANTONG","","INACTIVE"
482,3,"POSITION","LEGACY-POS-231","Mr.Soontorn  Arinpang","MR.SOONTORN ARINPANG","","INACTIVE"
481,3,"POSITION","LEGACY-POS-230","Mr.Aekkalak  Jaibut","MR.AEKKALAK JAIBUT","","INACTIVE"
480,3,"POSITION","LEGACY-POS-229","Ms.Supuntip  Marukun","MS.SUPUNTIP MARUKUN","","INACTIVE"
479,3,"POSITION","LEGACY-POS-228","Mr.Nopporn  Kongkasem","MR.NOPPORN KONGKASEM","","INACTIVE"
478,3,"POSITION","LEGACY-POS-227","Mr.Teppantong  Boonyok","MR.TEPPANTONG BOONYOK","","INACTIVE"
477,3,"POSITION","LEGACY-POS-226","Mr.Treenade Chindalert","MR.TREENADE CHINDALERT","","INACTIVE"
476,3,"POSITION","LEGACY-POS-225","Mr.Songsak Photisarn","MR.SONGSAK PHOTISARN","","INACTIVE"
475,3,"POSITION","LEGACY-POS-224","Ms.Patcharin  Thaicharoen","MS.PATCHARIN THAICHAROEN","","INACTIVE"
474,3,"POSITION","LEGACY-POS-223","Mr.Rakkiaj  Nuampoommarin","MR.RAKKIAJ NUAMPOOMMARIN","","INACTIVE"
473,3,"POSITION","LEGACY-POS-222","Ms.Sukanya  Buahombura","MS.SUKANYA BUAHOMBURA","","INACTIVE"
472,3,"POSITION","LEGACY-POS-221","Mr.Nopadon  Kongkasame","MR.NOPADON KONGKASAME","","INACTIVE"
471,3,"POSITION","LEGACY-POS-220","Mrs.Kanjana  Takoengphon","MRS.KANJANA TAKOENGPHON","","INACTIVE"
470,3,"POSITION","LEGACY-POS-219","Ms.Nuengruethai  Somjit","MS.NUENGRUETHAI SOMJIT","","INACTIVE"
469,3,"POSITION","LEGACY-POS-218","Mr.Pichai  Panpia","MR.PICHAI PANPIA","","INACTIVE"
468,3,"POSITION","LEGACY-POS-217","Mr.Teerapong  Lasom","MR.TEERAPONG LASOM","","INACTIVE"
467,3,"POSITION","LEGACY-POS-216","Ms.Namfon  Paisancharoenmaitree","MS.NAMFON PAISANCHAROENMAITREE","","INACTIVE"
466,3,"POSITION","LEGACY-POS-215","Ms.Piengtawan  Chanpitak","MS.PIENGTAWAN CHANPITAK","","INACTIVE"
465,3,"POSITION","LEGACY-POS-214","Mr.Sakol  Senapol","MR.SAKOL SENAPOL","","INACTIVE"
464,3,"POSITION","LEGACY-POS-213","Mr.Chongkol  Insom","MR.CHONGKOL INSOM","","INACTIVE"
463,3,"POSITION","LEGACY-POS-212","Mr.Mongkol  Aongsaenkam","MR.MONGKOL AONGSAENKAM","","INACTIVE"
462,3,"POSITION","LEGACY-POS-211","Ms.Walaiporn  Chanpitak","MS.WALAIPORN CHANPITAK","","INACTIVE"
461,3,"POSITION","LEGACY-POS-210","Ms.Chunkamol  Senajaroen","MS.CHUNKAMOL SENAJAROEN","","INACTIVE"
460,3,"POSITION","LEGACY-POS-209","Ms.Wannapa  Laepong","MS.WANNAPA LAEPONG","","INACTIVE"
459,3,"POSITION","LEGACY-POS-208","Ms.Natta  Niphatthakosolsuk","MS.NATTA NIPHATTHAKOSOLSUK","","INACTIVE"
458,3,"POSITION","LEGACY-POS-207","Ms.Phatcharaluk  Kompruan","MS.PHATCHARALUK KOMPRUAN","","INACTIVE"
457,3,"POSITION","LEGACY-POS-206","Ms.Mudsaya  Sangkla","MS.MUDSAYA SANGKLA","","INACTIVE"
456,3,"POSITION","LEGACY-POS-205","Mr.Thiti  Saenkhot","MR.THITI SAENKHOT","","INACTIVE"
455,3,"POSITION","LEGACY-POS-204","Mr.Prompan  Kerdsawat","MR.PROMPAN KERDSAWAT","","INACTIVE"
454,3,"POSITION","LEGACY-POS-203","Ms.Nadda  Srimontree","MS.NADDA SRIMONTREE","","INACTIVE"
453,3,"POSITION","LEGACY-POS-202","Mr.Amnuai  Sukphram","MR.AMNUAI SUKPHRAM","","INACTIVE"
452,3,"POSITION","LEGACY-POS-201","Mr.Sathit  Krasae","MR.SATHIT KRASAE","","INACTIVE"
451,3,"POSITION","LEGACY-POS-200","Ms.Suphaphon  Chanwiset","MS.SUPHAPHON CHANWISET","","INACTIVE"
450,3,"POSITION","LEGACY-POS-199","Mr.Pichai  Wongruen","MR.PICHAI WONGRUEN","","INACTIVE"
449,3,"POSITION","LEGACY-POS-198","Mr.Theerawat  Khosarakhoon","MR.THEERAWAT KHOSARAKHOON","","INACTIVE"
448,3,"POSITION","LEGACY-POS-197","Ms.Naphat   Ainthanon","MS.NAPHAT AINTHANON","","INACTIVE"
447,3,"POSITION","LEGACY-POS-196","Mr.Watcharin  Thadtheang","MR.WATCHARIN THADTHEANG","","INACTIVE"
446,3,"POSITION","LEGACY-POS-195","Mr.Chockchai  Chaoprajuk","MR.CHOCKCHAI CHAOPRAJUK","","INACTIVE"
445,3,"POSITION","LEGACY-POS-194","Mr.Worasak  Benmat","MR.WORASAK BENMAT","","INACTIVE"
444,3,"POSITION","LEGACY-POS-193","Mr.Suwinai  Arriauea","MR.SUWINAI ARRIAUEA","","INACTIVE"
443,3,"POSITION","LEGACY-POS-192","Ms.Piyaphorn  Kaewdee","MS.PIYAPHORN KAEWDEE","","INACTIVE"
442,3,"POSITION","LEGACY-POS-191","Mr.SongsatPhoothong","MR.SONGSATPHOOTHONG","","INACTIVE"
441,3,"POSITION","LEGACY-POS-190","Mr.Apisit  Sukjarean","MR.APISIT SUKJAREAN","","INACTIVE"
440,3,"POSITION","LEGACY-POS-189","Mr.Watcharaphong  Chaemsai","MR.WATCHARAPHONG CHAEMSAI","","INACTIVE"
439,3,"POSITION","LEGACY-POS-188","Ms.Supaporn  Boonlert","MS.SUPAPORN BOONLERT","","INACTIVE"
438,3,"POSITION","LEGACY-POS-187","Ms.Warissara  Jaihan","MS.WARISSARA JAIHAN","","INACTIVE"
437,3,"POSITION","LEGACY-POS-186","Mr.Kitti  Chaikla","MR.KITTI CHAIKLA","","INACTIVE"
436,3,"POSITION","LEGACY-POS-185","Mr.Adisorn  Srikaewsai","MR.ADISORN SRIKAEWSAI","","INACTIVE"
435,3,"POSITION","LEGACY-POS-184","Mr.Kriangkai  Chuenmee","MR.KRIANGKAI CHUENMEE","","INACTIVE"
434,3,"POSITION","LEGACY-POS-183","Ms.Chananthorn  Kobjit","MS.CHANANTHORN KOBJIT","","INACTIVE"
433,3,"POSITION","LEGACY-POS-182","Mr.Surathin  Phoonsila","MR.SURATHIN PHOONSILA","","INACTIVE"
432,3,"POSITION","LEGACY-POS-181","Mr.Pongsakorn  Chaithep","MR.PONGSAKORN CHAITHEP","","INACTIVE"
431,3,"POSITION","LEGACY-POS-180","Mr.Thara  Thongsee","MR.THARA THONGSEE","","INACTIVE"
430,3,"POSITION","LEGACY-POS-179","Mrs.Nayada  Sermsiri","MRS.NAYADA SERMSIRI","","INACTIVE"
429,3,"POSITION","LEGACY-POS-178","Mr.Tanapol  Saibua","MR.TANAPOL SAIBUA","","INACTIVE"
428,3,"POSITION","LEGACY-POS-177","Mr.Thawatchai  Paometwareetorn","MR.THAWATCHAI PAOMETWAREETORN","","INACTIVE"
427,3,"POSITION","LEGACY-POS-176","Mr.Sommai  Junket","MR.SOMMAI JUNKET","","INACTIVE"
426,3,"POSITION","LEGACY-POS-175","Mr.Sakkarin  Kaewtib","MR.SAKKARIN KAEWTIB","","INACTIVE"
425,3,"POSITION","LEGACY-POS-174","Ms.Thitaphat  Sutthi","MS.THITAPHAT SUTTHI","","INACTIVE"
424,3,"POSITION","LEGACY-POS-173","Ms.Wanida  Nontaphan","MS.WANIDA NONTAPHAN","","INACTIVE"
423,3,"POSITION","LEGACY-POS-172","Mr.Phattapon  Fuekkhwamdee","MR.PHATTAPON FUEKKHWAMDEE","","INACTIVE"
422,3,"POSITION","LEGACY-POS-171","Ms.Phichaya  Khwanchuay","MS.PHICHAYA KHWANCHUAY","","INACTIVE"
421,3,"POSITION","LEGACY-POS-170","Mr.Akarapong  Khao-ngam","MR.AKARAPONG KHAO-NGAM","","INACTIVE"
420,3,"POSITION","LEGACY-POS-169","Mrs.Amporn  Choosawat","MRS.AMPORN CHOOSAWAT","","INACTIVE"
419,3,"POSITION","LEGACY-POS-168","Mr.Pitinon  Buntutrakool","MR.PITINON BUNTUTRAKOOL","","INACTIVE"
418,3,"POSITION","LEGACY-POS-167","Ms.Sukanya  Maneechot","MS.SUKANYA MANEECHOT","","INACTIVE"
417,3,"POSITION","LEGACY-POS-166","Mr.Amnat  Khongyai","MR.AMNAT KHONGYAI","","INACTIVE"
416,3,"POSITION","LEGACY-POS-165","Mr.Phubodin  Mukdadilok","MR.PHUBODIN MUKDADILOK","","INACTIVE"
415,3,"POSITION","LEGACY-POS-164","Mr.Kaweewut  Tangpiboontham","MR.KAWEEWUT TANGPIBOONTHAM","","INACTIVE"
414,3,"POSITION","LEGACY-POS-163","Mr.Nobpakorn  Namang","MR.NOBPAKORN NAMANG","","INACTIVE"
413,3,"POSITION","LEGACY-POS-162","Mr.Chanatip Kusua","MR.CHANATIP KUSUA","","INACTIVE"
412,3,"POSITION","LEGACY-POS-161","Ms. Rattanaphorn  Phichetchotiwong (TMF1)","MS. RATTANAPHORN PHICHETCHOTIWONG (TMF1)","","INACTIVE"
411,3,"POSITION","LEGACY-POS-160","Ms.Wilailak Jansri (TMF1)","MS.WILAILAK JANSRI (TMF1)","","INACTIVE"
410,3,"POSITION","LEGACY-POS-159","Ms.Jutarat  Sucher (TMF2)","MS.JUTARAT SUCHER (TMF2)","","INACTIVE"
409,3,"POSITION","LEGACY-POS-158","Mr.Yosuke Fujita","MR.YOSUKE FUJITA","","INACTIVE"
408,3,"POSITION","LEGACY-POS-157","Mr.Anuwat Boonsodakorn","MR.ANUWAT BOONSODAKORN","","INACTIVE"
407,3,"POSITION","LEGACY-POS-156","Mr.Akarawit  Prungkiat","MR.AKARAWIT PRUNGKIAT","","INACTIVE"
406,3,"POSITION","LEGACY-POS-155","Mr.Toshikazu  Obata","MR.TOSHIKAZU OBATA","","INACTIVE"
405,3,"POSITION","LEGACY-POS-154","Ms.Siriwimon Chuphol","MS.SIRIWIMON CHUPHOL","","INACTIVE"
404,3,"POSITION","LEGACY-POS-153","Mr.Anochai  Wongprayoonsri","MR.ANOCHAI WONGPRAYOONSRI","","INACTIVE"
403,3,"POSITION","LEGACY-POS-152","Ms.Suwimon Kaenchan","MS.SUWIMON KAENCHAN","","INACTIVE"
402,3,"POSITION","LEGACY-POS-151","Mr.Shinichiro  Sato","MR.SHINICHIRO SATO","","INACTIVE"
401,3,"POSITION","LEGACY-POS-150","Ms.Gallaya  Meeta","MS.GALLAYA MEETA","","INACTIVE"
400,3,"POSITION","LEGACY-POS-149","Ms.Rinradee  Suwan","MS.RINRADEE SUWAN","","INACTIVE"
399,3,"POSITION","LEGACY-POS-148","Mr.Yashikazu  Yamamoto","MR.YASHIKAZU YAMAMOTO","","INACTIVE"
398,3,"POSITION","LEGACY-POS-147","Mr.Anucha Thammawong","MR.ANUCHA THAMMAWONG","","INACTIVE"
397,3,"POSITION","LEGACY-POS-146","Mr.Masato Ueno","MR.MASATO UENO","","INACTIVE"
396,3,"POSITION","LEGACY-POS-145","Mr.Samart  Sonsupap","MR.SAMART SONSUPAP","","INACTIVE"
395,3,"POSITION","LEGACY-POS-144","Ms.Radeemas  Juathai","MS.RADEEMAS JUATHAI","","INACTIVE"
394,3,"POSITION","LEGACY-POS-143","Ms.Kaewkanyapatch  Worrapaphadakul","MS.KAEWKANYAPATCH WORRAPAPHADAKUL","","INACTIVE"
393,3,"POSITION","LEGACY-POS-142","Ms.Suttida  Tugkinapong","MS.SUTTIDA TUGKINAPONG","","INACTIVE"
392,3,"POSITION","LEGACY-POS-141","Ms.Jirawat  Srisawat (TMF3)","MS.JIRAWAT SRISAWAT (TMF3)","","INACTIVE"
391,3,"POSITION","LEGACY-POS-140","Ms.Jirawat  Srisawat (TMF2)","MS.JIRAWAT SRISAWAT (TMF2)","","INACTIVE"
390,3,"POSITION","LEGACY-POS-139","Akinobu  Kito","AKINOBU KITO","","INACTIVE"
389,3,"POSITION","LEGACY-POS-138","Ms.Hasuka  Kimura","MS.HASUKA KIMURA","","INACTIVE"
388,3,"POSITION","LEGACY-POS-137","Mr.Suwat WIsetsing","MR.SUWAT WISETSING","","INACTIVE"
387,3,"POSITION","LEGACY-POS-136","Ms.Kamonwan  Khamsri","MS.KAMONWAN KHAMSRI","","INACTIVE"
386,3,"POSITION","LEGACY-POS-135","Ms.Aonanong  Dumnuy","MS.AONANONG DUMNUY","","INACTIVE"
385,3,"POSITION","LEGACY-POS-134","Mr.Chitchaiya  Thongnak","MR.CHITCHAIYA THONGNAK","","INACTIVE"
384,3,"POSITION","LEGACY-POS-133","Mr.Yasuhiro  Tamura","MR.YASUHIRO TAMURA","","INACTIVE"
383,3,"POSITION","LEGACY-POS-132","Mr.Takayanagi","MR.TAKAYANAGI","","INACTIVE"
382,3,"POSITION","LEGACY-POS-131","Mr.Nut  Promprasit","MR.NUT PROMPRASIT","","INACTIVE"
381,3,"POSITION","LEGACY-POS-130","Thaweesak","THAWEESAK","","INACTIVE"
380,3,"POSITION","LEGACY-POS-129","Mr. Arut Jindaluang","MR. ARUT JINDALUANG","","INACTIVE"
379,3,"POSITION","LEGACY-POS-128","Mr. Chanatip Kusua","MR. CHANATIP KUSUA","","INACTIVE"
378,3,"POSITION","LEGACY-POS-127","Mr.Natthawut Nakchonlathi","MR.NATTHAWUT NAKCHONLATHI","","INACTIVE"
377,3,"POSITION","LEGACY-POS-126","Ms.Yuwarat Bunluekiat","MS.YUWARAT BUNLUEKIAT","","INACTIVE"
376,3,"POSITION","LEGACY-POS-125","Ms.Pattama Somngam","MS.PATTAMA SOMNGAM","","INACTIVE"
375,3,"POSITION","LEGACY-POS-124","Mr.Prajak Malasri","MR.PRAJAK MALASRI","","INACTIVE"
374,3,"POSITION","LEGACY-POS-123","Ms.Chatrawee  Phirathawisrikul","MS.CHATRAWEE PHIRATHAWISRIKUL","","INACTIVE"
373,3,"POSITION","LEGACY-POS-122","Mr.Piyathana Yindeesuk","MR.PIYATHANA YINDEESUK","","INACTIVE"
372,3,"POSITION","LEGACY-POS-121","Mr.Kritsada  Kumda","MR.KRITSADA KUMDA","","INACTIVE"
371,3,"POSITION","LEGACY-POS-120","Mr.Narakorn  Mingmuang","MR.NARAKORN MINGMUANG","","INACTIVE"
370,3,"POSITION","LEGACY-POS-119","Ms.Thantanada  Saehea","MS.THANTANADA SAEHEA","","INACTIVE"
369,3,"POSITION","LEGACY-POS-118","Ms.Wandee Lekcharoen","MS.WANDEE LEKCHAROEN","","INACTIVE"
368,3,"POSITION","LEGACY-POS-117","Mrs.Nirada  Thangwichitkul","MRS.NIRADA THANGWICHITKUL","","INACTIVE"
367,3,"POSITION","LEGACY-POS-116","Mr.Thanut Muangkot","MR.THANUT MUANGKOT","","INACTIVE"
366,3,"POSITION","LEGACY-POS-115","Ms.Jongjit  Soda","MS.JONGJIT SODA","","INACTIVE"
365,3,"POSITION","LEGACY-POS-114","Ms.Narisara Jantala","MS.NARISARA JANTALA","","INACTIVE"
364,3,"POSITION","LEGACY-POS-113","Ms.Saowanee Netpipop","MS.SAOWANEE NETPIPOP","","INACTIVE"
363,3,"POSITION","LEGACY-POS-112","Ms.Darat Pornchuenchuwong","MS.DARAT PORNCHUENCHUWONG","","INACTIVE"
362,3,"POSITION","LEGACY-POS-111","Ms.Wilailak Jansri","MS.WILAILAK JANSRI","","INACTIVE"
361,3,"POSITION","LEGACY-POS-110","Ms.Wanichawan Budda","MS.WANICHAWAN BUDDA","","INACTIVE"
360,3,"POSITION","LEGACY-POS-109","Ms.Salisa Rukkanngan","MS.SALISA RUKKANNGAN","","INACTIVE"
359,3,"POSITION","LEGACY-POS-108","Ms.Voraruethai Wongcharee","MS.VORARUETHAI WONGCHAREE","","INACTIVE"
358,3,"POSITION","LEGACY-POS-107","Mr.Somsak Seubjan","MR.SOMSAK SEUBJAN","","INACTIVE"
357,3,"POSITION","LEGACY-POS-106","Mr.Noppanan  Dechkhan","MR.NOPPANAN DECHKHAN","","INACTIVE"
356,3,"POSITION","LEGACY-POS-105","Ms.Supparat  Arworn","MS.SUPPARAT ARWORN","","INACTIVE"
355,3,"POSITION","LEGACY-POS-104","Ms.Juthaporn  Wongchuensuntorn","MS.JUTHAPORN WONGCHUENSUNTORN","","INACTIVE"
354,3,"POSITION","LEGACY-POS-103","Mrs.Araya  Hirunpunthaporn","MRS.ARAYA HIRUNPUNTHAPORN","","INACTIVE"
353,3,"POSITION","LEGACY-POS-102","Ms.Somrudee  Pannoo","MS.SOMRUDEE PANNOO","","INACTIVE"
352,3,"POSITION","LEGACY-POS-101","Ms.Vassana Maenthong","MS.VASSANA MAENTHONG","","INACTIVE"
351,3,"POSITION","LEGACY-POS-100","Ms.Kamonwan  Chaisukee","MS.KAMONWAN CHAISUKEE","","INACTIVE"
350,3,"POSITION","LEGACY-POS-099","Mr.Pitchayadol  Phongsart","MR.PITCHAYADOL PHONGSART","","INACTIVE"
349,3,"POSITION","LEGACY-POS-098","Mr.Worapat Kumsingha","MR.WORAPAT KUMSINGHA","","INACTIVE"
348,3,"POSITION","LEGACY-POS-097","Mr.Athasit  Thongtua","MR.ATHASIT THONGTUA","","INACTIVE"
347,3,"POSITION","LEGACY-POS-096","Ms.Rossarin  Lerdwatchapon","MS.ROSSARIN LERDWATCHAPON","","INACTIVE"
346,3,"POSITION","LEGACY-POS-095","Ms.Jirawat  Srisawat","MS.JIRAWAT SRISAWAT","","INACTIVE"
345,3,"POSITION","LEGACY-POS-094","Mr.Satit  Saraisalab","MR.SATIT SARAISALAB","","INACTIVE"
344,3,"POSITION","LEGACY-POS-093","Ms.Dujrudee Aroonjit","MS.DUJRUDEE AROONJIT","","INACTIVE"
343,3,"POSITION","LEGACY-POS-092","Mr.Somphort  Limbunjerd","MR.SOMPHORT LIMBUNJERD","","INACTIVE"
342,3,"POSITION","LEGACY-POS-091","Mr.Nuttanun  Lenglerdphol","MR.NUTTANUN LENGLERDPHOL","","INACTIVE"
341,3,"POSITION","LEGACY-POS-090","Mr.Surat Luadlai","MR.SURAT LUADLAI","","INACTIVE"
340,3,"POSITION","LEGACY-POS-089","Mr.Krisana Laohajirapan","MR.KRISANA LAOHAJIRAPAN","","INACTIVE"
339,3,"POSITION","LEGACY-POS-088","Ms.Penprapa  Muangklang","MS.PENPRAPA MUANGKLANG","","INACTIVE"
338,3,"POSITION","LEGACY-POS-087","Mr.Pattara Rattanakornkaew","MR.PATTARA RATTANAKORNKAEW","","INACTIVE"
337,3,"POSITION","LEGACY-POS-086","Mr.Narong Kaewsap","MR.NARONG KAEWSAP","","INACTIVE"
336,3,"POSITION","LEGACY-POS-085","Ms.Chayanoot  Pengpinit","MS.CHAYANOOT PENGPINIT","","INACTIVE"
335,3,"POSITION","LEGACY-POS-084","Mrs.Pattananrat Ruangteang","MRS.PATTANANRAT RUANGTEANG","","INACTIVE"
334,3,"POSITION","LEGACY-POS-083","Mr.Akarapoom Chaipet","MR.AKARAPOOM CHAIPET","","INACTIVE"
333,3,"POSITION","LEGACY-POS-082","Mr.Wiched Pratumpap","MR.WICHED PRATUMPAP","","INACTIVE"
332,3,"POSITION","LEGACY-POS-081","Mr.Vitoon Sukvisuttichot","MR.VITOON SUKVISUTTICHOT","","INACTIVE"
331,3,"POSITION","LEGACY-POS-080","Mr.Nattapol Kosolkitiwong","MR.NATTAPOL KOSOLKITIWONG","","INACTIVE"
330,3,"POSITION","LEGACY-POS-079","Ms.Chuleeporn Mainkool","MS.CHULEEPORN MAINKOOL","","INACTIVE"
329,3,"POSITION","LEGACY-POS-078","Ms.Hatairat Srikulwong","MS.HATAIRAT SRIKULWONG","","INACTIVE"
328,3,"POSITION","LEGACY-POS-077","Mr.Keerati Wannaboot","MR.KEERATI WANNABOOT","","INACTIVE"
327,3,"POSITION","LEGACY-POS-076","Ms.Nattida Thongwises","MS.NATTIDA THONGWISES","","INACTIVE"
326,3,"POSITION","LEGACY-POS-075","Mr.Sarunyoo Rattanasuwan","MR.SARUNYOO RATTANASUWAN","","INACTIVE"
325,3,"POSITION","LEGACY-POS-074","Mr.Pongpat Srikhote","MR.PONGPAT SRIKHOTE","","INACTIVE"
324,3,"POSITION","LEGACY-POS-073","Ms. Phitchakan Ongsawat","MS. PHITCHAKAN ONGSAWAT","","INACTIVE"
323,3,"POSITION","LEGACY-POS-072","Mr.Suthon  Sonsupap","MR.SUTHON SONSUPAP","","INACTIVE"
322,3,"POSITION","LEGACY-POS-071","Ms.Papatchaya Thavornrinnapong","MS.PAPATCHAYA THAVORNRINNAPONG","","INACTIVE"
321,3,"POSITION","LEGACY-POS-070","Mr.Sorasit  Srisoodchai","MR.SORASIT SRISOODCHAI","","INACTIVE"
320,3,"POSITION","LEGACY-POS-069","Mr.Nattawud  Samerwong","MR.NATTAWUD SAMERWONG","","INACTIVE"
319,3,"POSITION","LEGACY-POS-068","Mr.Jakkrit  Paenoi","MR.JAKKRIT PAENOI","","INACTIVE"
318,3,"POSITION","LEGACY-POS-067","Mr.Peranut  Hanpratum","MR.PERANUT HANPRATUM","","INACTIVE"
317,3,"POSITION","LEGACY-POS-066","Ms.Suthada  Chaimon","MS.SUTHADA CHAIMON","","INACTIVE"
316,3,"POSITION","LEGACY-POS-065","Mr.Pawee  Homlirdnalin","MR.PAWEE HOMLIRDNALIN","","INACTIVE"
315,3,"POSITION","LEGACY-POS-064","Ms.Warathan  Samart","MS.WARATHAN SAMART","","INACTIVE"
314,3,"POSITION","LEGACY-POS-063","Ms.Kankanit  Nimnoi","MS.KANKANIT NIMNOI","","INACTIVE"
313,3,"POSITION","LEGACY-POS-062","Ms.Laksami  Kaewsringam","MS.LAKSAMI KAEWSRINGAM","","INACTIVE"
312,3,"POSITION","LEGACY-POS-061","Mr.Prawes  Panyaapiwattana","MR.PRAWES PANYAAPIWATTANA","","INACTIVE"
311,3,"POSITION","LEGACY-POS-060","Ms.Nittaya  Homthong","MS.NITTAYA HOMTHONG","","INACTIVE"
310,3,"POSITION","LEGACY-POS-059","Mr.Nattapon  Puttasee","MR.NATTAPON PUTTASEE","","INACTIVE"
309,3,"POSITION","LEGACY-POS-058","Ms.Sopida  Khamlarn","MS.SOPIDA KHAMLARN","","INACTIVE"
308,3,"POSITION","LEGACY-POS-057","Mr.Pongsakorn  Phopimon","MR.PONGSAKORN PHOPIMON","","INACTIVE"
307,3,"POSITION","LEGACY-POS-056","Mr.Natthawut  Kaewkangwan","MR.NATTHAWUT KAEWKANGWAN","","INACTIVE"
306,3,"POSITION","LEGACY-POS-055","Ms.Jutarat  Sucher","MS.JUTARAT SUCHER","","INACTIVE"
305,3,"POSITION","LEGACY-POS-054","Mr.Jirayusawat  Prasom","MR.JIRAYUSAWAT PRASOM","","INACTIVE"
304,3,"POSITION","LEGACY-POS-053","Mr.Sira  Sowanna","MR.SIRA SOWANNA","","INACTIVE"
303,3,"POSITION","LEGACY-POS-052","Mr.Theerapong  Prasan","MR.THEERAPONG PRASAN","","INACTIVE"
302,3,"POSITION","LEGACY-POS-051","Mr.Mikio Kato","MR.MIKIO KATO","","INACTIVE"
301,3,"POSITION","LEGACY-POS-050","Mr.Kunihiko Kuroiwa","MR.KUNIHIKO KUROIWA","","INACTIVE"
300,3,"POSITION","LEGACY-POS-049","Mrs.Utsugi Rina","MRS.UTSUGI RINA","","INACTIVE"
299,3,"POSITION","LEGACY-POS-048","Mr.Kazutsugu Sakakima","MR.KAZUTSUGU SAKAKIMA","","INACTIVE"
298,3,"POSITION","LEGACY-POS-047","Mr.Takuro","MR.TAKURO","","INACTIVE"
297,3,"POSITION","LEGACY-POS-046","Mr.Masahito Azumi","MR.MASAHITO AZUMI","","INACTIVE"
296,3,"POSITION","LEGACY-POS-045","Mr.Pokpong  Wanichsujit","MR.POKPONG WANICHSUJIT","","INACTIVE"
295,3,"POSITION","LEGACY-POS-044","Mr.Hisashi  Nagase","MR.HISASHI NAGASE","","INACTIVE"
294,3,"POSITION","LEGACY-POS-043","Mr.Tomoaki  Shirai","MR.TOMOAKI SHIRAI","","INACTIVE"
293,3,"POSITION","LEGACY-POS-042","Mr.Voraprus  Muangmingsook","MR.VORAPRUS MUANGMINGSOOK","","INACTIVE"
292,3,"POSITION","LEGACY-POS-041","Mr. Chisanupong  Kamolchaianan","MR. CHISANUPONG KAMOLCHAIANAN","","INACTIVE"
291,3,"POSITION","LEGACY-POS-040","Mr.Munenobu  Sato","MR.MUNENOBU SATO","","INACTIVE"
290,3,"POSITION","LEGACY-POS-039","Mr.Warut  Asawatreratnakul","MR.WARUT ASAWATRERATNAKUL","","INACTIVE"
289,3,"POSITION","LEGACY-POS-038","Mr.Songkran  Khannok","MR.SONGKRAN KHANNOK","","INACTIVE"
288,3,"POSITION","LEGACY-POS-037","Mr.Sakchai  Phanthuri","MR.SAKCHAI PHANTHURI","","INACTIVE"
287,3,"POSITION","LEGACY-POS-036","Mr.Suthas  Morthai","MR.SUTHAS MORTHAI","","INACTIVE"
286,3,"POSITION","LEGACY-POS-035","Mr.Mitsukazu Imoto","MR.MITSUKAZU IMOTO","","INACTIVE"
285,3,"POSITION","LEGACY-POS-034","Mr.Weerakul  Charoenkul","MR.WEERAKUL CHAROENKUL","","INACTIVE"
284,3,"POSITION","LEGACY-POS-033","Mr.Gritchai  Somphonkrang","MR.GRITCHAI SOMPHONKRANG","","INACTIVE"
283,3,"POSITION","LEGACY-POS-032","Mr.Makkaphop  Khumsit","MR.MAKKAPHOP KHUMSIT","","INACTIVE"
282,3,"POSITION","LEGACY-POS-031","Ms.Priyanat  Sanguansuk","MS.PRIYANAT SANGUANSUK","","INACTIVE"
281,3,"POSITION","LEGACY-POS-030","Mr.Takeshi  Ashizawa","MR.TAKESHI ASHIZAWA","","INACTIVE"
280,3,"POSITION","LEGACY-POS-029","Ms. Ausanisa Phatinawin","MS. AUSANISA PHATINAWIN","","INACTIVE"
279,3,"POSITION","LEGACY-POS-028","Mr.Ronnachai  Dokduan","MR.RONNACHAI DOKDUAN","","INACTIVE"
278,3,"POSITION","LEGACY-POS-027","Mr.Supanat  Tiansuwan","MR.SUPANAT TIANSUWAN","","INACTIVE"
277,3,"POSITION","LEGACY-POS-026","Ms.Penpichar  Hutachutha","MS.PENPICHAR HUTACHUTHA","","INACTIVE"
276,3,"POSITION","LEGACY-POS-025","Mr.Keisuke  Shigeta","MR.KEISUKE SHIGETA","","INACTIVE"
275,3,"POSITION","LEGACY-POS-024","Mr.Wicha  Sarnsawek","MR.WICHA SARNSAWEK","","INACTIVE"
274,3,"POSITION","LEGACY-POS-023","Mr.Tadashi  Onuki","MR.TADASHI ONUKI","","INACTIVE"
273,3,"POSITION","LEGACY-POS-022","Mr.Itsara  Kongtawee","MR.ITSARA KONGTAWEE","","INACTIVE"
272,3,"POSITION","LEGACY-POS-021","Mr.Patipon  Poungjun","MR.PATIPON POUNGJUN","","INACTIVE"
271,3,"POSITION","LEGACY-POS-020","Ms.Neen  Noihuahat","MS.NEEN NOIHUAHAT","","INACTIVE"
270,3,"POSITION","LEGACY-POS-019","Mr.Narasak Jantaboon","MR.NARASAK JANTABOON","","INACTIVE"
269,3,"POSITION","LEGACY-POS-018","Mr. Jedsada  Moonsan","MR. JEDSADA MOONSAN","","INACTIVE"
268,3,"POSITION","LEGACY-POS-017","Mr.Thanapoom Kesamoon","MR.THANAPOOM KESAMOON","","INACTIVE"
267,3,"POSITION","LEGACY-POS-016","Mr. Tammarat Ponwaree","MR. TAMMARAT PONWAREE","","INACTIVE"
266,3,"POSITION","LEGACY-POS-015","Mr.Morita  Jun","MR.MORITA JUN","","INACTIVE"
265,3,"POSITION","LEGACY-POS-014","Mr.Thamkarn  Luxsanahut","MR.THAMKARN LUXSANAHUT","","INACTIVE"
264,3,"POSITION","LEGACY-POS-013","Mr.Kanin  Sangthong","MR.KANIN SANGTHONG","","INACTIVE"
263,3,"POSITION","LEGACY-POS-012","Ms.Pichanan  Liamsuwan","MS.PICHANAN LIAMSUWAN","","INACTIVE"
262,3,"POSITION","LEGACY-POS-011","Ms.Chantarat  Rodsawang","MS.CHANTARAT RODSAWANG","","INACTIVE"
261,3,"POSITION","LEGACY-POS-010","Ms. Rattanaphorn  Phichetchotiwong","MS. RATTANAPHORN PHICHETCHOTIWONG","","INACTIVE"
260,3,"POSITION","LEGACY-POS-009","Ms.Rossarin  Injun","MS.ROSSARIN INJUN","","INACTIVE"
259,3,"POSITION","LEGACY-POS-008","Mr.Trairat Pandee","MR.TRAIRAT PANDEE","","INACTIVE"
258,3,"POSITION","LEGACY-POS-007","Ms.Akari  Suzuki","MS.AKARI SUZUKI","","INACTIVE"
257,3,"POSITION","LEGACY-POS-006","Ms.Erika  Gaya","MS.ERIKA GAYA","","INACTIVE"
256,3,"POSITION","LEGACY-POS-005","Mr.Shiichi  Makino","MR.SHIICHI MAKINO","","INACTIVE"
255,3,"POSITION","LEGACY-POS-004","Mr.Takeshi  Tsuchihira","MR.TAKESHI TSUCHIHIRA","","INACTIVE"
254,3,"POSITION","LEGACY-POS-003","Ms.Thanthip  Phoopadrae","MS.THANTHIP PHOOPADRAE","","INACTIVE"
253,3,"POSITION","LEGACY-POS-002","Mr.Worachai  Wongchana","MR.WORACHAI WONGCHANA","","INACTIVE"
252,3,"POSITION","LEGACY-POS-001","Ms.Promsiri  Pimsakulkrai","MS.PROMSIRI PIMSAKULKRAI","","INACTIVE"
251,3,"DEPARTMENT","DEP-251","นายภาณุกร สาธร","นายภาณุกร สาธร","","INACTIVE"
250,3,"DEPARTMENT","DEP-250","นายอนุพงษ์ หลงน้อย","นายอนุพงษ์ หลงน้อย","","INACTIVE"
249,3,"DEPARTMENT","DEP-249","นายธีรภัทร์ เขียวสะอาด","นายธีรภัทร์ เขียวสะอาด","","INACTIVE"
248,3,"DEPARTMENT","DEP-248","นายอาชวะ  โตพ่วง","นายอาชวะ โตพ่วง","","INACTIVE"
247,3,"DEPARTMENT","DEP-247","นายเจษฎา  รอดทุกข์","นายเจษฎา รอดทุกข์","","INACTIVE"
246,3,"DEPARTMENT","DEP-246","น.ส.ศรีชนก แซ่ซี","น.ส.ศรีชนก แซ่ซี","","INACTIVE"
245,3,"DEPARTMENT","DEP-245","เคอิโซ นาคาเอะ","เคอิโซ นาคาเอะ","","INACTIVE"
244,3,"DEPARTMENT","DEP-244","นายวัชรา ขาวสำอางค์","นายวัชรา ขาวสำอางค์","","INACTIVE"
243,3,"DEPARTMENT","DEP-243","น.ส.ภัทรนิษฐ์  พันธุ์คุ้มเก่า","น.ส.ภัทรนิษฐ์ พันธุ์คุ้มเก่า","","INACTIVE"
242,3,"DEPARTMENT","DEP-242","น.ส.สุพัฒตรา แซ่เตียว","น.ส.สุพัฒตรา แซ่เตียว","","INACTIVE"
241,3,"DEPARTMENT","DEP-241","นายชัยยุทธ์  แสงพุทธา","นายชัยยุทธ์ แสงพุทธา","","INACTIVE"
240,3,"DEPARTMENT","DEP-240","น.ส.ญาณิศา  ลาวตูม","น.ส.ญาณิศา ลาวตูม","","INACTIVE"
239,3,"DEPARTMENT","DEP-239","น.ส.พัชริดา  ประมงกิจ","น.ส.พัชริดา ประมงกิจ","","INACTIVE"
238,3,"DEPARTMENT","DEP-238","นายธีรพงศ์ ไม้งาม","นายธีรพงศ์ ไม้งาม","","INACTIVE"
237,3,"DEPARTMENT","DEP-237","น.ส.พิทยาภรณ์ สกุลยอดมณี","น.ส.พิทยาภรณ์ สกุลยอดมณี","","INACTIVE"
236,3,"DEPARTMENT","DEP-236","นายโอซามิ คอนโด","นายโอซามิ คอนโด","","INACTIVE"
235,3,"DEPARTMENT","DEP-235","น.ส.พันนิภา  บุญพิษ","น.ส.พันนิภา บุญพิษ","","INACTIVE"
234,3,"DEPARTMENT","DEP-234","นางสาวเกวลิน  สีสุขสาม","นางสาวเกวลิน สีสุขสาม","","INACTIVE"
233,3,"DEPARTMENT","DEP-233","นางสาวณัฎฐา มาลาฉ่ำ","นางสาวณัฎฐา มาลาฉ่ำ","","INACTIVE"
232,3,"DEPARTMENT","DEP-232","นายธวัชชัย ต่อนคำสนธิ์","นายธวัชชัย ต่อนคำสนธิ์","","INACTIVE"
231,3,"DEPARTMENT","DEP-231","นายกิตติพัฒน์ ชุ่มดี","นายกิตติพัฒน์ ชุ่มดี","","INACTIVE"
230,3,"DEPARTMENT","DEP-230","นายทัตธน รุ่งโรจน์","นายทัตธน รุ่งโรจน์","","INACTIVE"
229,3,"DEPARTMENT","DEP-229","นายจิรายุ  จริยาเอกภาส","นายจิรายุ จริยาเอกภาส","","INACTIVE"
228,3,"DEPARTMENT","DEP-228","นายเกียรติศักดิ์  เกตุสิริกูล","นายเกียรติศักดิ์ เกตุสิริกูล","","INACTIVE"
227,3,"DEPARTMENT","DEP-227","นายธนบดี โคตรพรม","นายธนบดี โคตรพรม","","INACTIVE"
226,3,"DEPARTMENT","DEP-226","นายกรทักษ์ โยยิ่ง","นายกรทักษ์ โยยิ่ง","","INACTIVE"
225,3,"DEPARTMENT","DEP-225","นายธนพัฒน์ แก่นใจ","นายธนพัฒน์ แก่นใจ","","INACTIVE"
224,3,"DEPARTMENT","DEP-224","นางสาววิพารัตน์ จันทษร","นางสาววิพารัตน์ จันทษร","","INACTIVE"
223,3,"DEPARTMENT","DEP-223","นายเจษฎาภรณ์ ปล้องกลาง","นายเจษฎาภรณ์ ปล้องกลาง","","INACTIVE"
222,3,"DEPARTMENT","DEP-222","นายพิทักษชัย  พรพันธ์","นายพิทักษชัย พรพันธ์","","INACTIVE"
221,3,"DEPARTMENT","DEP-221","นายคาซึฮิโระ ฮานามูระ","นายคาซึฮิโระ ฮานามูระ","","INACTIVE"
220,3,"DEPARTMENT","DEP-220","นายทาคาโยชิ อุชิดะ","นายทาคาโยชิ อุชิดะ","","INACTIVE"
219,3,"DEPARTMENT","DEP-219","นายมาโนชญ์  อินจินดา","นายมาโนชญ์ อินจินดา","","INACTIVE"
218,3,"DEPARTMENT","DEP-218","นายประเสริฐศักดิ์  ขันเจริญ","นายประเสริฐศักดิ์ ขันเจริญ","","INACTIVE"
217,3,"DEPARTMENT","DEP-217","นางอุทุมพร  ทองศรี","นางอุทุมพร ทองศรี","","INACTIVE"
216,3,"DEPARTMENT","DEP-216","นายภานุวัฒน์  ราชาลี","นายภานุวัฒน์ ราชาลี","","INACTIVE"
215,3,"DEPARTMENT","DEP-215","นายสุรวุฒิ  เกษาใส","นายสุรวุฒิ เกษาใส","","INACTIVE"
214,3,"DEPARTMENT","DEP-214","นายเผด็จการ  ภูขามคม","นายเผด็จการ ภูขามคม","","INACTIVE"
213,3,"DEPARTMENT","DEP-213","นายอนุรักษ์  ติ๊บอุด","นายอนุรักษ์ ติ๊บอุด","","INACTIVE"
212,3,"DEPARTMENT","DEP-212","นายอนุพงษ์  สมานทอง","นายอนุพงษ์ สมานทอง","","INACTIVE"
211,3,"DEPARTMENT","DEP-211","นายสุนทร  อะรินแปง","นายสุนทร อะรินแปง","","INACTIVE"
210,3,"DEPARTMENT","DEP-210","นายเอกลักษณ์  ใจบุตร","นายเอกลักษณ์ ใจบุตร","","INACTIVE"
209,3,"DEPARTMENT","DEP-209","นางสาวสุพรรณทิพย์  มฤกุล","นางสาวสุพรรณทิพย์ มฤกุล","","INACTIVE"
208,3,"DEPARTMENT","DEP-208","นายนพพร  คงเกษม","นายนพพร คงเกษม","","INACTIVE"
207,3,"DEPARTMENT","DEP-207","นายเทพพานทอง  บุญยก","นายเทพพานทอง บุญยก","","INACTIVE"
206,3,"DEPARTMENT","DEP-206","นายตรีเนตร  จินดาเลิศ","นายตรีเนตร จินดาเลิศ","","INACTIVE"
205,3,"DEPARTMENT","DEP-205","นายทรงศักดิ์โพธิสาร","นายทรงศักดิ์โพธิสาร","","INACTIVE"
204,3,"DEPARTMENT","DEP-204","นางสาวพัชรินทร์  ไทยเจริญ","นางสาวพัชรินทร์ ไทยเจริญ","","INACTIVE"
203,3,"DEPARTMENT","DEP-203","นายรักเกียรติ  น่วมภุมรินทร์","นายรักเกียรติ น่วมภุมรินทร์","","INACTIVE"
202,3,"DEPARTMENT","DEP-202","นางสาวสุกัญญา  บัวฮมบุรา","นางสาวสุกัญญา บัวฮมบุรา","","INACTIVE"
201,3,"DEPARTMENT","DEP-201","นายนพดล  คงเกษม","นายนพดล คงเกษม","","INACTIVE"
200,3,"DEPARTMENT","DEP-200","นางกาญจนา  ถะเกิงผล","นางกาญจนา ถะเกิงผล","","INACTIVE"
199,3,"DEPARTMENT","DEP-199","นางสาวหนึ่งฤทัย  สมจิตร","นางสาวหนึ่งฤทัย สมจิตร","","INACTIVE"
198,3,"DEPARTMENT","DEP-198","นายพิชัย  ปันเปี้ย","นายพิชัย ปันเปี้ย","","INACTIVE"
197,3,"DEPARTMENT","DEP-197","นายธีระพงษ์  ลาโสม","นายธีระพงษ์ ลาโสม","","INACTIVE"
196,3,"DEPARTMENT","DEP-196","นางสาวน้ำฝนไพศาล  เจริญไมตรี","นางสาวน้ำฝนไพศาล เจริญไมตรี","","INACTIVE"
195,3,"DEPARTMENT","DEP-195","นางสาวเพียงตะวัน  จันทร์พิทักษ์","นางสาวเพียงตะวัน จันทร์พิทักษ์","","INACTIVE"
194,3,"DEPARTMENT","DEP-194","นายสกล  เสนาพล","นายสกล เสนาพล","","INACTIVE"
193,3,"DEPARTMENT","DEP-193","นายจงกช  อินสม","นายจงกช อินสม","","INACTIVE"
192,3,"DEPARTMENT","DEP-192","นายมงคล  อ้องแสนคำ","นายมงคล อ้องแสนคำ","","INACTIVE"
191,3,"DEPARTMENT","DEP-191","นางสาววลัยพร  จันทร์พิทักษ์","นางสาววลัยพร จันทร์พิทักษ์","","INACTIVE"
190,3,"DEPARTMENT","DEP-190","นางสาวชื่นกมล  เสนาเจริญ","นางสาวชื่นกมล เสนาเจริญ","","INACTIVE"
189,3,"DEPARTMENT","DEP-189","นางสาววรรณภา  แหล่ป้อง","นางสาววรรณภา แหล่ป้อง","","INACTIVE"
188,3,"DEPARTMENT","DEP-188","นางสาวนฑาห์  นิพัทธโกศลสุข","นางสาวนฑาห์ นิพัทธโกศลสุข","","INACTIVE"
187,3,"DEPARTMENT","DEP-187","นางสาวพัชรลักษณ์  คำพรวน","นางสาวพัชรลักษณ์ คำพรวน","","INACTIVE"
186,3,"DEPARTMENT","DEP-186","นางสาวมัสยา  แสงกล้า","นางสาวมัสยา แสงกล้า","","INACTIVE"
185,3,"DEPARTMENT","DEP-185","นายธิติ  แสนโคตร","นายธิติ แสนโคตร","","INACTIVE"
184,3,"DEPARTMENT","DEP-184","นายพร้อมพันธ์  เกิดสวัสดิ์","นายพร้อมพันธ์ เกิดสวัสดิ์","","INACTIVE"
183,3,"DEPARTMENT","DEP-183","นางสาวนัดดา  ศรีมนตรี","นางสาวนัดดา ศรีมนตรี","","INACTIVE"
182,3,"DEPARTMENT","DEP-182","นายอำนวย  สุขพราม","นายอำนวย สุขพราม","","INACTIVE"
181,3,"DEPARTMENT","DEP-181","นายสถิต  กระแสร์","นายสถิต กระแสร์","","INACTIVE"
180,3,"DEPARTMENT","DEP-180","นางสาวสุภาภรณ์  จันทร์วิเศษ","นางสาวสุภาภรณ์ จันทร์วิเศษ","","INACTIVE"
179,3,"DEPARTMENT","DEP-179","นายพิชัย  วงศ์เรือน","นายพิชัย วงศ์เรือน","","INACTIVE"
178,3,"DEPARTMENT","DEP-178","นายธีระวัฒน์  โคสารคุณ","นายธีระวัฒน์ โคสารคุณ","","INACTIVE"
177,3,"DEPARTMENT","DEP-177","นางสาวนภัทร  อินทนนท์","นางสาวนภัทร อินทนนท์","","INACTIVE"
176,3,"DEPARTMENT","DEP-176","นายวัชรินทร์  ทัดเที่ยง","นายวัชรินทร์ ทัดเที่ยง","","INACTIVE"
175,3,"DEPARTMENT","DEP-175","นายโชคชัย  เชาว์ประจักษ์","นายโชคชัย เชาว์ประจักษ์","","INACTIVE"
174,3,"DEPARTMENT","DEP-174","นายวรศักดิ์  เบญมาตย์","นายวรศักดิ์ เบญมาตย์","","INACTIVE"
173,3,"DEPARTMENT","DEP-173","นายสุวินัย  อารีเอื้อ","นายสุวินัย อารีเอื้อ","","INACTIVE"
172,3,"DEPARTMENT","DEP-172","นางสาวปิยาภรณ์  แก้วดี","นางสาวปิยาภรณ์ แก้วดี","","INACTIVE"
171,3,"DEPARTMENT","DEP-171","นายทรงศาสตร์  ภูธง","นายทรงศาสตร์ ภูธง","","INACTIVE"
170,3,"DEPARTMENT","DEP-170","นายอภิสิทธิ์  สุขเจริญ","นายอภิสิทธิ์ สุขเจริญ","","INACTIVE"
169,3,"DEPARTMENT","DEP-169","นายวัชรพงศ์  แจ่มใส","นายวัชรพงศ์ แจ่มใส","","INACTIVE"
168,3,"DEPARTMENT","DEP-168","นางสาวสุภาพร  บุญเลิศ","นางสาวสุภาพร บุญเลิศ","","INACTIVE"
167,3,"DEPARTMENT","DEP-167","นางสาววริศรา ใจหาญ","นางสาววริศรา ใจหาญ","","INACTIVE"
166,3,"DEPARTMENT","DEP-166","นายกิตติ  ใจกล้า","นายกิตติ ใจกล้า","","INACTIVE"
165,3,"DEPARTMENT","DEP-165","นายอดิศร  ศรีแก้วใส","นายอดิศร ศรีแก้วใส","","INACTIVE"
164,3,"DEPARTMENT","DEP-164","นายเกรียงไกร  ชื่นหมี้","นายเกรียงไกร ชื่นหมี้","","INACTIVE"
163,3,"DEPARTMENT","DEP-163","นางสาวชนันธร  ขอบจิตร","นางสาวชนันธร ขอบจิตร","","INACTIVE"
162,3,"DEPARTMENT","DEP-162","นายสุรทิน  พูลศิลา","นายสุรทิน พูลศิลา","","INACTIVE"
161,3,"DEPARTMENT","DEP-161","นายพงศกร  ไชยเทพ","นายพงศกร ไชยเทพ","","INACTIVE"
160,3,"DEPARTMENT","DEP-160","นายธารา  ทองศรี","นายธารา ทองศรี","","INACTIVE"
159,3,"DEPARTMENT","DEP-159","นางณญาดา  เสริมศิริ","นางณญาดา เสริมศิริ","","INACTIVE"
158,3,"DEPARTMENT","DEP-158","นายธนพล  สายบัว","นายธนพล สายบัว","","INACTIVE"
157,3,"DEPARTMENT","DEP-157","นายธวัชชัย  เผ่าเมธวารีธร","นายธวัชชัย เผ่าเมธวารีธร","","INACTIVE"
156,3,"DEPARTMENT","DEP-156","นายสมหมาย  จันทร์เขต","นายสมหมาย จันทร์เขต","","INACTIVE"
155,3,"DEPARTMENT","DEP-155","นายสักรินทร์  แก้วติ๊บ","นายสักรินทร์ แก้วติ๊บ","","INACTIVE"
154,3,"DEPARTMENT","DEP-154","นางสาวฐิตพัทธ์  สุทธิ","นางสาวฐิตพัทธ์ สุทธิ","","INACTIVE"
153,3,"DEPARTMENT","DEP-153","นางสาววนิดา  นนทพันธุ์","นางสาววนิดา นนทพันธุ์","","INACTIVE"
152,3,"DEPARTMENT","DEP-152","นายพัทธพล  ฝึกความดี","นายพัทธพล ฝึกความดี","","INACTIVE"
151,3,"DEPARTMENT","DEP-151","นางสาวภีชญา  ขวัญเฉื่อย","นางสาวภีชญา ขวัญเฉื่อย","","INACTIVE"
150,3,"DEPARTMENT","DEP-150","นายอัครพงศ์  ขาวงาม","นายอัครพงศ์ ขาวงาม","","INACTIVE"
149,3,"DEPARTMENT","DEP-149","นางอำพร  ชูสวัสดิ์","นางอำพร ชูสวัสดิ์","","INACTIVE"
148,3,"DEPARTMENT","DEP-148","นายพิตินนท์  บัณฑุตระกูล","นายพิตินนท์ บัณฑุตระกูล","","INACTIVE"
147,3,"DEPARTMENT","DEP-147","นางสาวสุกัญญา  มณีโชติ","นางสาวสุกัญญา มณีโชติ","","INACTIVE"
146,3,"DEPARTMENT","DEP-146","นายอำนาจ  คงใหญ่","นายอำนาจ คงใหญ่","","INACTIVE"
145,3,"DEPARTMENT","DEP-145","นายภูบดินทร์  มุกดาดิลก","นายภูบดินทร์ มุกดาดิลก","","INACTIVE"
144,3,"DEPARTMENT","DEP-144","นายกวีวุฒิ  ตั้งพิบูลธรรม","นายกวีวุฒิ ตั้งพิบูลธรรม","","INACTIVE"
143,3,"DEPARTMENT","DEP-143","นายนพกร  นามัง","นายนพกร นามัง","","INACTIVE"
142,3,"DEPARTMENT","DEP-142","นายโยสุเกะ ฟูจิตะ","นายโยสุเกะ ฟูจิตะ","","INACTIVE"
141,3,"DEPARTMENT","DEP-141","นายอนุวัฒน์  บุญโสดากร","นายอนุวัฒน์ บุญโสดากร","","INACTIVE"
140,3,"DEPARTMENT","DEP-140","นายอัครวิทย์  ปรุงเกียรติ","นายอัครวิทย์ ปรุงเกียรติ","","INACTIVE"
139,3,"DEPARTMENT","DEP-139","น.ส.สิริวิมล ชูผล","น.ส.สิริวิมล ชูผล","","INACTIVE"
138,3,"DEPARTMENT","DEP-138","นายอโนชัย  วงศ์ประยูรศรี","นายอโนชัย วงศ์ประยูรศรี","","INACTIVE"
137,3,"DEPARTMENT","DEP-137","น.ส.สุวิมล แก่นจันทร์","น.ส.สุวิมล แก่นจันทร์","","INACTIVE"
136,3,"DEPARTMENT","DEP-136","น.ส.กัลยา  มีตา","น.ส.กัลยา มีตา","","INACTIVE"
135,3,"DEPARTMENT","DEP-135","น.ส.รินรดี  สุวรรณ","น.ส.รินรดี สุวรรณ","","INACTIVE"
134,3,"DEPARTMENT","DEP-134","โยชิคาซู  ยามาโมโตะ","โยชิคาซู ยามาโมโตะ","","INACTIVE"
133,3,"DEPARTMENT","DEP-133","นายอนุชา  ธรรมวงค์","นายอนุชา ธรรมวงค์","","INACTIVE"
132,3,"DEPARTMENT","DEP-132","นายมาซาโตะ อูเอโนะ","นายมาซาโตะ อูเอโนะ","","INACTIVE"
131,3,"DEPARTMENT","DEP-131","นายสามารถ  สอนสุภาพ","นายสามารถ สอนสุภาพ","","INACTIVE"
130,3,"DEPARTMENT","DEP-130","นางสาวรดีมาศ  เจือไทย","นางสาวรดีมาศ เจือไทย","","INACTIVE"
129,3,"DEPARTMENT","DEP-129","น.ส.แก้วกัญญพัชร  วรปภาดากุล","น.ส.แก้วกัญญพัชร วรปภาดากุล","","INACTIVE"
128,3,"DEPARTMENT","DEP-128","น.ส.สุทธิดา  ทักขิณาพงศ์","น.ส.สุทธิดา ทักขิณาพงศ์","","INACTIVE"
127,3,"DEPARTMENT","DEP-127","นายสุวัฒน์  วิเศษสิงห์","นายสุวัฒน์ วิเศษสิงห์","","INACTIVE"
126,3,"DEPARTMENT","DEP-126","น.ส.กมลวรรณ  คำศรี","น.ส.กมลวรรณ คำศรี","","INACTIVE"
125,3,"DEPARTMENT","DEP-125","นางสาวอรอนงค์  ดำนุ้ย","นางสาวอรอนงค์ ดำนุ้ย","","INACTIVE"
124,3,"DEPARTMENT","DEP-124","นายชิตไชยา  ทองนาค","นายชิตไชยา ทองนาค","","INACTIVE"
123,3,"DEPARTMENT","DEP-123","นายยาซูฮิโระ  ทามูระ","นายยาซูฮิโระ ทามูระ","","INACTIVE"
122,3,"DEPARTMENT","DEP-122","นายทาอิชิ  ทาคายานากิ","นายทาอิชิ ทาคายานากิ","","INACTIVE"
121,3,"DEPARTMENT","DEP-121","นายนัท  พรหมประสิทธิ์","นายนัท พรหมประสิทธิ์","","INACTIVE"
120,3,"DEPARTMENT","DEP-120","นายอรุษ จินดาหลวง","นายอรุษ จินดาหลวง","","INACTIVE"
119,3,"DEPARTMENT","DEP-119","นายชนาธิป กุซัว","นายชนาธิป กุซัว","","INACTIVE"
118,3,"DEPARTMENT","DEP-118","นายณัฐวุฒิ  นาคชลธี","นายณัฐวุฒิ นาคชลธี","","INACTIVE"
117,3,"DEPARTMENT","DEP-117","น.ส.ยุวรัตน์  บรรลือเกียรติ","น.ส.ยุวรัตน์ บรรลือเกียรติ","","INACTIVE"
116,3,"DEPARTMENT","DEP-116","นางสาวปัทมา สมงาม","นางสาวปัทมา สมงาม","","INACTIVE"
115,3,"DEPARTMENT","DEP-115","นายประจักร มะลาศรี","นายประจักร มะลาศรี","","INACTIVE"
114,3,"DEPARTMENT","DEP-114","นางสาวฉัตร์รวี  พีระทวีศรีกุล","นางสาวฉัตร์รวี พีระทวีศรีกุล","","INACTIVE"
113,3,"DEPARTMENT","DEP-113","นายปิยธนา  ยินดีสุข","นายปิยธนา ยินดีสุข","","INACTIVE"
112,3,"DEPARTMENT","DEP-112","นายกฤษฎา คำดา","นายกฤษฎา คำดา","","INACTIVE"
111,3,"DEPARTMENT","DEP-111","นายนรากร มิ่งเมือง","นายนรากร มิ่งเมือง","","INACTIVE"
110,3,"DEPARTMENT","DEP-110","นางสาวธัญธนาดา แซ่เหีย","นางสาวธัญธนาดา แซ่เหีย","","INACTIVE"
109,3,"DEPARTMENT","DEP-109","นางสาววันดี เล็กเจริญ","นางสาววันดี เล็กเจริญ","","INACTIVE"
108,3,"DEPARTMENT","DEP-108","นางณิรดา  ทั้งวิจิตรกุล","นางณิรดา ทั้งวิจิตรกุล","","INACTIVE"
107,3,"DEPARTMENT","DEP-107","นายธนัท เมืองโคตร","นายธนัท เมืองโคตร","","INACTIVE"
106,3,"DEPARTMENT","DEP-106","นางสาวจงจิตต์ โสดา","นางสาวจงจิตต์ โสดา","","INACTIVE"
105,3,"DEPARTMENT","DEP-105","นางสาวนริศรา จันทลา","นางสาวนริศรา จันทลา","","INACTIVE"
104,3,"DEPARTMENT","DEP-104","นางสาวเสาวนีย์ เนตรพิภพ","นางสาวเสาวนีย์ เนตรพิภพ","","INACTIVE"
103,3,"DEPARTMENT","DEP-103","นางสาวดารัตน์ พรชื่นชูวงศ์","นางสาวดารัตน์ พรชื่นชูวงศ์","","INACTIVE"
102,3,"DEPARTMENT","DEP-102","นางสาววิไลลักษณ์ จันทร์ศรี","นางสาววิไลลักษณ์ จันทร์ศรี","","INACTIVE"
101,3,"DEPARTMENT","DEP-101","นางสาววณิชวรรณ บุดดา","นางสาววณิชวรรณ บุดดา","","INACTIVE"
100,3,"DEPARTMENT","DEP-100","นางสาวศลิษา รักการงาน","นางสาวศลิษา รักการงาน","","INACTIVE"
99,3,"DEPARTMENT","DEP-099","นางสาววรฤทัย วงชารี","นางสาววรฤทัย วงชารี","","INACTIVE"
98,3,"DEPARTMENT","DEP-098","นายสมศักดิ์ สืบจันทร์","นายสมศักดิ์ สืบจันทร์","","INACTIVE"
97,3,"DEPARTMENT","DEP-097","นายนพนันท์ เดชขันธ์","นายนพนันท์ เดชขันธ์","","INACTIVE"
96,3,"DEPARTMENT","DEP-096","นางสาวศุภรัตน์  อาวรณ์","นางสาวศุภรัตน์ อาวรณ์","","INACTIVE"
95,3,"DEPARTMENT","DEP-095","นางสาวจุฑาพร  วงศ์ชื่นสุนทร","นางสาวจุฑาพร วงศ์ชื่นสุนทร","","INACTIVE"
94,3,"DEPARTMENT","DEP-094","นางอารยา  หิรัญปัณฑาพร","นางอารยา หิรัญปัณฑาพร","","INACTIVE"
93,3,"DEPARTMENT","DEP-093","นางสาวสมฤดี  แป้นหนู","นางสาวสมฤดี แป้นหนู","","INACTIVE"
92,3,"DEPARTMENT","DEP-092","นางสาววาสนา  แม้นทอง","นางสาววาสนา แม้นทอง","","INACTIVE"
91,3,"DEPARTMENT","DEP-091","นางสาวกมลวรรณ  ชัยสุขี","นางสาวกมลวรรณ ชัยสุขี","","INACTIVE"
90,3,"DEPARTMENT","DEP-090","นายพิชยดนย์  พงษ์ศาสตร์","นายพิชยดนย์ พงษ์ศาสตร์","","INACTIVE"
89,3,"DEPARTMENT","DEP-089","นายวรภัทร  คำสิงห์","นายวรภัทร คำสิงห์","","INACTIVE"
88,3,"DEPARTMENT","DEP-088","นายอรรถสิทธิ์  ทองทั่ว","นายอรรถสิทธิ์ ทองทั่ว","","INACTIVE"
87,3,"DEPARTMENT","DEP-087","นางสาวรสริน  เลิศวัชพล","นางสาวรสริน เลิศวัชพล","","INACTIVE"
86,3,"DEPARTMENT","DEP-086","นางสาวจิรวรรธ  ศรีสวัสดิ์","นางสาวจิรวรรธ ศรีสวัสดิ์","","INACTIVE"
85,3,"DEPARTMENT","DEP-085","นายสาทิตย์ สาหร่ายสลับ","นายสาทิตย์ สาหร่ายสลับ","","INACTIVE"
84,3,"DEPARTMENT","DEP-084","นางสาวดุจฤดี  อรุณจิต","นางสาวดุจฤดี อรุณจิต","","INACTIVE"
83,3,"DEPARTMENT","DEP-083","นายสมโภช  ลิมป์บรรเจิด","นายสมโภช ลิมป์บรรเจิด","","INACTIVE"
82,3,"DEPARTMENT","DEP-082","นายณัฐนันท์  เล็งเลิศผล","นายณัฐนันท์ เล็งเลิศผล","","INACTIVE"
81,3,"DEPARTMENT","DEP-081","นายสุรัช  ลวดลาย","นายสุรัช ลวดลาย","","INACTIVE"
80,3,"DEPARTMENT","DEP-080","นายกฤษณะ เลาหจีรพันธุ์","นายกฤษณะ เลาหจีรพันธุ์","","INACTIVE"
79,3,"DEPARTMENT","DEP-079","นางสาวเพ็ญประภา  ม่วงกลาง","นางสาวเพ็ญประภา ม่วงกลาง","","INACTIVE"
78,3,"DEPARTMENT","DEP-078","นายภัทร  รัตนกรแก้ว","นายภัทร รัตนกรแก้ว","","INACTIVE"
77,3,"DEPARTMENT","DEP-077","นายณรงค์ แก้วทรัพย์","นายณรงค์ แก้วทรัพย์","","INACTIVE"
76,3,"DEPARTMENT","DEP-076","นางสาวชญานุช  เพ็งพินิจ","นางสาวชญานุช เพ็งพินิจ","","INACTIVE"
75,3,"DEPARTMENT","DEP-075","นางพัทธนันท์รัชต์ เรืองเที่ยง","นางพัทธนันท์รัชต์ เรืองเที่ยง","","INACTIVE"
74,3,"DEPARTMENT","DEP-074","นายอัครภูมิ ไชยเพชร","นายอัครภูมิ ไชยเพชร","","INACTIVE"
73,3,"DEPARTMENT","DEP-073","นายวิเชษฐ์ ประทุมภาพ","นายวิเชษฐ์ ประทุมภาพ","","INACTIVE"
72,3,"DEPARTMENT","DEP-072","นายวิฑูร  สุขวิสุทธิโชติ","นายวิฑูร สุขวิสุทธิโชติ","","INACTIVE"
71,3,"DEPARTMENT","DEP-071","นายณัฐพล โกศลกิติวงศ์","นายณัฐพล โกศลกิติวงศ์","","INACTIVE"
70,3,"DEPARTMENT","DEP-070","นางสาวชุลีพร เมณฑ์กูล","นางสาวชุลีพร เมณฑ์กูล","","INACTIVE"
69,3,"DEPARTMENT","DEP-069","นางสาวหทัยรัตน์ ศรีกุลวงศ์","นางสาวหทัยรัตน์ ศรีกุลวงศ์","","INACTIVE"
68,3,"DEPARTMENT","DEP-068","นายกีรติ วรรณบุตร","นายกีรติ วรรณบุตร","","INACTIVE"
67,3,"DEPARTMENT","DEP-067","นางสาวณัฐธิดา ทองวิเศษ","นางสาวณัฐธิดา ทองวิเศษ","","INACTIVE"
66,3,"DEPARTMENT","DEP-066","นายศรันยู รัตนสุวรรณ","นายศรันยู รัตนสุวรรณ","","INACTIVE"
65,3,"DEPARTMENT","DEP-065","นายพงศ์พัฒน์ ศรีโคตร","นายพงศ์พัฒน์ ศรีโคตร","","INACTIVE"
64,3,"DEPARTMENT","DEP-064","นางสาวพิชชากานต์ องค์สวัสดิ์","นางสาวพิชชากานต์ องค์สวัสดิ์","","INACTIVE"
63,3,"DEPARTMENT","DEP-063","นายสุธน  สอนสุภาพ","นายสุธน สอนสุภาพ","","INACTIVE"
62,3,"DEPARTMENT","DEP-062","นางสาวปภัชญา  ถาวรรินพงศ์","นางสาวปภัชญา ถาวรรินพงศ์","","INACTIVE"
61,3,"DEPARTMENT","DEP-061","นายสรสิช  ศรีสุดใจ","นายสรสิช ศรีสุดใจ","","INACTIVE"
60,3,"DEPARTMENT","DEP-060","นายณัฐวุฒิ  เสมอวงศ์","นายณัฐวุฒิ เสมอวงศ์","","INACTIVE"
59,3,"DEPARTMENT","DEP-059","นายจักรกฤษณ์  แพน้อย","นายจักรกฤษณ์ แพน้อย","","INACTIVE"
58,3,"DEPARTMENT","DEP-058","นายพีรณัฐ  หาญประทุม","นายพีรณัฐ หาญประทุม","","INACTIVE"
57,3,"DEPARTMENT","DEP-057","นางสาวสุธาดา  ใจมนต์","นางสาวสุธาดา ใจมนต์","","INACTIVE"
56,3,"DEPARTMENT","DEP-056","นายปวีร์  หอมเลิศนลิน","นายปวีร์ หอมเลิศนลิน","","INACTIVE"
55,3,"DEPARTMENT","DEP-055","นางสาววรธัญ  สามารถ","นางสาววรธัญ สามารถ","","INACTIVE"
54,3,"DEPARTMENT","DEP-054","นางสาวกันต์กนิษฐ์  นิ่มน้อย","นางสาวกันต์กนิษฐ์ นิ่มน้อย","","INACTIVE"
53,3,"DEPARTMENT","DEP-053","นางสาวลักษมี  แก้วศรีงาม","นางสาวลักษมี แก้วศรีงาม","","INACTIVE"
52,3,"DEPARTMENT","DEP-052","นายประเวศ  ปัญญาอภิวัฒนะ","นายประเวศ ปัญญาอภิวัฒนะ","","INACTIVE"
51,3,"DEPARTMENT","DEP-051","นางสาวนิตยา  หอมทอง","นางสาวนิตยา หอมทอง","","INACTIVE"
50,3,"DEPARTMENT","DEP-050","นายณัฐพล  พุทธศรี","นายณัฐพล พุทธศรี","","INACTIVE"
49,3,"DEPARTMENT","DEP-049","นางสาวโสภิดา  คำล้าน","นางสาวโสภิดา คำล้าน","","INACTIVE"
48,3,"DEPARTMENT","DEP-048","นายพงศกร  โพธิ์พิมล","นายพงศกร โพธิ์พิมล","","INACTIVE"
47,3,"DEPARTMENT","DEP-047","นายณัฐวุฒิ  แก้วกังวาล","นายณัฐวุฒิ แก้วกังวาล","","INACTIVE"
46,3,"DEPARTMENT","DEP-046","นางสาวจุฑารัตน์  สุเฌอ","นางสาวจุฑารัตน์ สุเฌอ","","INACTIVE"
45,3,"DEPARTMENT","DEP-045","นายจิรายุสวัฒ  ประสม","นายจิรายุสวัฒ ประสม","","INACTIVE"
44,3,"DEPARTMENT","DEP-044","นายศิรา  โสวัณณะ","นายศิรา โสวัณณะ","","INACTIVE"
43,3,"DEPARTMENT","DEP-043","นายธีระพงษ์  ประสาร","นายธีระพงษ์ ประสาร","","INACTIVE"
42,3,"DEPARTMENT","DEP-042","นายมิคิโอะ  คาโตะ","นายมิคิโอะ คาโตะ","","INACTIVE"
41,3,"DEPARTMENT","DEP-041","นายทาคุโร  อิโนะอุเอะ","นายทาคุโร อิโนะอุเอะ","","INACTIVE"
40,3,"DEPARTMENT","DEP-040","นายมาซาฮิโต  อาซูมิ","นายมาซาฮิโต อาซูมิ","","INACTIVE"
39,3,"DEPARTMENT","DEP-039","นายปกป้อง วานิชสุจิต","นายปกป้อง วานิชสุจิต","","INACTIVE"
38,3,"DEPARTMENT","DEP-038","นายวรภฤศ  ม่วงมิ่งสุข","นายวรภฤศ ม่วงมิ่งสุข","","INACTIVE"
37,3,"DEPARTMENT","DEP-037","นายชิษณุพงศ์  กมลไชยอนันต์","นายชิษณุพงศ์ กมลไชยอนันต์","","INACTIVE"
36,3,"DEPARTMENT","DEP-036","มูเนะโนบุ  ซาโต้","มูเนะโนบุ ซาโต้","","INACTIVE"
35,3,"DEPARTMENT","DEP-035","นายวรุตม์  อัศวตรีรัตนกุล","นายวรุตม์ อัศวตรีรัตนกุล","","INACTIVE"
34,3,"DEPARTMENT","DEP-034","นายสงกรานต์  ขันนอก","นายสงกรานต์ ขันนอก","","INACTIVE"
33,3,"DEPARTMENT","DEP-033","นายศักดิ์ชัย  พันธุริ","นายศักดิ์ชัย พันธุริ","","INACTIVE"
32,3,"DEPARTMENT","DEP-032","นายสุทัศน์  หมอไทย","นายสุทัศน์ หมอไทย","","INACTIVE"
31,3,"DEPARTMENT","DEP-031","นายวีรกุล  เจริญกุล","นายวีรกุล เจริญกุล","","INACTIVE"
30,3,"DEPARTMENT","DEP-030","นายกฤษณ์ชัย  สมพลกรัง","นายกฤษณ์ชัย สมพลกรัง","","INACTIVE"
29,3,"DEPARTMENT","DEP-029","นายมรรคภพ  ขำสิทธิ์","นายมรรคภพ ขำสิทธิ์","","INACTIVE"
28,3,"DEPARTMENT","DEP-028","น.ส.ปริยนาถ  สงวนสุข","น.ส.ปริยนาถ สงวนสุข","","INACTIVE"
27,3,"DEPARTMENT","DEP-027","นายทาเคชิ  อะชิซาว่า","นายทาเคชิ อะชิซาว่า","","INACTIVE"
26,3,"DEPARTMENT","DEP-026","นางสาวอุษณิษา ผาตินาวิน","นางสาวอุษณิษา ผาตินาวิน","","INACTIVE"
25,3,"DEPARTMENT","DEP-025","นายรณชัย  ดอกดวน","นายรณชัย ดอกดวน","","INACTIVE"
24,3,"DEPARTMENT","DEP-024","นายศุภณัฐ  เตียรถ์สุวรรณ","นายศุภณัฐ เตียรถ์สุวรรณ","","INACTIVE"
23,3,"DEPARTMENT","DEP-023","น.ส.เพ็ญพิชชา  หุตะจูฑะ","น.ส.เพ็ญพิชชา หุตะจูฑะ","","INACTIVE"
22,3,"DEPARTMENT","DEP-022","นายเคอิซุเกะ  ชิเกตะ","นายเคอิซุเกะ ชิเกตะ","","INACTIVE"
21,3,"DEPARTMENT","DEP-021","นายวิชา  สารเสวก","นายวิชา สารเสวก","","INACTIVE"
20,3,"DEPARTMENT","DEP-020","นายอิสระ  คงทวี","นายอิสระ คงทวี","","INACTIVE"
19,3,"DEPARTMENT","DEP-019","นายปฏิพล  พวงจันทร์","นายปฏิพล พวงจันทร์","","INACTIVE"
18,3,"DEPARTMENT","DEP-018","น.ส.นีร  น้อยหัวหาด","น.ส.นีร น้อยหัวหาด","","INACTIVE"
17,3,"DEPARTMENT","DEP-017","นายนราศักดิ์ จันทบูรณ์","นายนราศักดิ์ จันทบูรณ์","","INACTIVE"
16,3,"DEPARTMENT","DEP-016","นายเจษฎา  มูลสาร","นายเจษฎา มูลสาร","","INACTIVE"
15,3,"DEPARTMENT","DEP-015","นายธนภูมิ เกษามูล","นายธนภูมิ เกษามูล","","INACTIVE"
14,3,"DEPARTMENT","DEP-014","นายธรรมรัตน์  พลวารี","นายธรรมรัตน์ พลวารี","","INACTIVE"
13,3,"DEPARTMENT","DEP-013","นายธัมกาล  ลักษณะหุต","นายธัมกาล ลักษณะหุต","","INACTIVE"
12,3,"DEPARTMENT","DEP-012","นายคณิน  แสงทอง","นายคณิน แสงทอง","","INACTIVE"
11,3,"DEPARTMENT","DEP-011","น.ส.พิชชานันท์  เหลี่ยมสุวรรณ","น.ส.พิชชานันท์ เหลี่ยมสุวรรณ","","INACTIVE"
10,3,"DEPARTMENT","DEP-010","น.ส.จันทรัสม์  รอดสว่าง","น.ส.จันทรัสม์ รอดสว่าง","","INACTIVE"
9,3,"DEPARTMENT","DEP-009","น.ส.รัตนาภรณ์  พิเชฐโชติวงษ์","น.ส.รัตนาภรณ์ พิเชฐโชติวงษ์","","INACTIVE"
8,3,"DEPARTMENT","DEP-008","น.ส.รสริน  อินทร์จันทร์","น.ส.รสริน อินทร์จันทร์","","INACTIVE"
7,3,"DEPARTMENT","DEP-007","นายไตรรัตน์  พันธุ์ดี","นายไตรรัตน์ พันธุ์ดี","","INACTIVE"
6,6,"DEPARTMENT","TMS0","Technical Services Department","Technical Services Department","DIV-ME","ACTIVE"
5,6,"DEPARTMENT","TMT0","Industrial Services Department","Industrial Services Department","DIV-ME","ACTIVE"
4,6,"DEPARTMENT","TMT1","Machinery Department","Machinery Department","DIV-ME","ACTIVE"
3,6,"DEPARTMENT","TMH0","Corporate Department","Corporate Department","TTMET","ACTIVE"
2,3,"DEPARTMENT","DEP-002","นายวรชัย  วงค์ชะนะ","นายวรชัย วงค์ชะนะ","","INACTIVE"
1,3,"DEPARTMENT","DEP-001","น.ส.พรหมศิริ  พิมพ์สกุลไกร","น.ส.พรหมศิริ พิมพ์สกุลไกร","","INACTIVE"